Rank,Team,univeristy,Conference,Won,Lost,Year,Sportstype
1,Uindy,University of Indianapolis ,GLVC,22,1,2021,W
2,Queens,Queens University of Charlotte,NC,21,1,2021,W
3,Regis,Regis University,CO,17,1,2021,W
4,East Stroudsburg,East Stroudsburg University of Pennsylvania,PSAC,20,2,2021,W
5,Grand Valley St.,Grand Valley State University,GLIAC,19,2,2021,W
6,Adelphi,Adelphi University,NE10,18,3,2021,W
6,Stonehill,Stonehill College,NE10,18,3,2021,W
8,West Chester,West Chester University of Pennsylvania,PSAC,17,3,2021,W
9,Fla. Southern,Florida Southern College,Sunshine State,16,4,2021,W
10,Wingate,Wingate University,SAC,15,4,2021,W
11,Embry-Riddle,Riddle Aeronautical University ,FL,13,4,2021,W
11,Lynn,Lynn University,Sunshine State,13,4,2021,W
11,Rollins,Rollins College,Sunshine State,13,4,2021,W
14,Lindenwood,Lindenwood University,GLVC,15,5,2021,W
15,Dominican,Dominican College ,NY,14,5,2021,W
15,Mercy,Mercy College,ECC,14,5,2021,W
15,Pace,Pace University,NE10,14,5,2021,W
15,Seton Hill,Seton Hill University,PSAC,14,5,2021,W
19,Mount Olive,University of Mount Olive,Conference Carolinas,13,5,2021,W
19,Walsh,Walsh University,G-MAC,13,5,2021,W
21,Le Moyne,Le Moyne College,NE10,15,6,2021,W
22,Limestone,Limestone University,SAC,12,5,2021,W
23,Mercyhurst,Mercyhurst University,PSAC,14,6,2021,W
24,Davenport,Davenport University,GLIAC,13,6,2021,W
25,Colorado Mesa,Colorado Mesa University,RMAC,12,6,2021,W
25,Indiana,Indiana University of Pennsylvania,PA,12,6,2021,W
25,Millersville,Millersville University of Pennsylvania,PSAC,12,6,2021,W
28,Alabama Huntsville,University of Alabama in Huntsville,Gulf South,11,6,2021,W
29,Florida Tech,Florida Institute of Technology,Sunshine State,9,5,2021,W
30,Georgian Court,Georgian Court University,CACC,12,7,2021,W
30,Lincoln Memorial,Lincoln Memorial University,SAC,12,7,2021,W
32,Jefferson,Jefferson ,CACC,10,6,2021,W
33,Findlay,University of Findlay,G-MAC,11,7,2021,W
33,New Haven,University of New Haven,NE10,11,7,2021,W
33,Wilmington,Wilmington University ,DE,11,7,2021,W
36,Notre Dame,University of Notre Dame,OH,9,6,2021,W
36,Roberts Wesleyan,Roberts Wesleyan College,ECC,9,6,2021,W
38,Bloomsburg,Bloomsburg University of Pennsylvania,PSAC,10,7,2021,W
38,Rockhurst,Rockhurst University,GLVC,10,7,2021,W
38,Slippery Rock,Slippery Rock University of Pennsylvania,PSAC,10,7,2021,W
41,Belmont Abbey,Belmont Abbey College,Conference Carolinas,11,8,2021,W
41,Flagler,Flagler College,Gulf South,11,8,2021,W
41,Newberry,Newberry College,SAC,11,8,2021,W
41,Tampa,University of Tampa,Sunshine State,11,8,2021,W
45,Emmanuel,Emmanuel College ,GA,9,7,2021,W
45,Southern N.H.,Southern New Hampshire University,NE10,9,7,2021,W
45,UC-Colo. Springs,University of Colorado Colorado Springs ,RMAC,9,7,2021,W
48,Assumption,Assumption University,NE10,10,8,2021,W
48,Barton,Barton College,Conference Carolinas,10,8,2021,W
48,Lander,Lander University,Gulf South,10,8,2021,W
51,Bridgeport,University of Bridgeport,ECC,7,6,2021,W
52,Molloy,Molloy College,ECC,9,8,2021,W
52,Northern Mich.,Northern Michigan University,GLIAC,9,8,2021,W
52,Saint Rose,The College of Saint Rose,NE10,9,8,2021,W
55,Bentley,Bentley University,NE10,8,8,2021,W
55,Lee,Lee University,Gulf South,8,8,2021,W
55,Lock Haven,Lock Haven University of Pennsylvania,PSAC,8,8,2021,W
58,North Greenville,North Greenville University,Conference Carolinas,9,10,2021,W
59,Catawba,Catawba College,SAC,8,9,2021,W
59,Holy Family,Holy Family University,CACC,8,9,2021,W
59,McKendree,McKendree University,GLVC,8,9,2021,W
59,Missouri Western,Missouri Western State University,GLVC,8,9,2021,W
63,Mars Hill,Mars Hill University,SAC,7,8,2021,W
64,Concordia-St. Paul,"Concordia University, St. Paul ",GLIAC,8,10,2021,W
64,Lenoir-Rhyne,Lenoir,SAC,8,10,2021,W
66,St. Anselm,Saint Anselm College,NE10,7,9,2021,W
66,UVA Wise,University of Virginia's College at Wise,SAC,7,9,2021,W
68,Young Harris,Young Harris College,Gulf South,7,10,2021,W
69,Charleston,University of Charleston,WV,6,9,2021,W
70,Saint Leo,Saint Leo University,Sunshine State,7,11,2021,W
71,Quincy,Quincy University,GLVC,6,10,2021,W
72,Ashland,Ashland University,G-MAC,6,11,2021,W
73,Davis & Elkins,Davis & Elkins College,MEC,5,10,2021,W
73,Maryville,Maryville University of St. Louis,MO,4,8,2021,W
73,Southern Wesleyan,Southern Wesleyan University,Conference Carolinas,6,12,2021,W
76,Montevallo,University of Montevallo,Gulf South,5,11,2021,W
76,Shepherd,Shepherd University,PSAC,5,11,2021,W
78,St. Thomas Aquinas,St. Thomas Aquinas College,ECC,4,9,2021,W
79,Gannon,Gannon University,PSAC,5,12,2021,W
79,Post,Post University,CACC,5,12,2021,W
81,Lewis,Lewis University,GLVC,4,10,2021,W
82,Tiffin,Tiffin University,G-MAC,5,13,2021,W
83,Franklin Pierce,Franklin Pierce University,NE10,4,11,2021,W
84,Fort Lewis,Fort Lewis College,RMAC,4,12,2021,W
84,Southern Conn. St.,Southern Connecticut State University,NE10,4,12,2021,W
84,Tusculum,Tusculum University,SAC,4,12,2021,W
87,Kutztown,Kutztown University of Pennsylvania,PSAC,4,13,2021,W
87,Shippensburg,Shippensburg University of Pennsylvania,PSAC,4,13,2021,W
89,Chowan,Chowan University,Conference Carolinas,3,10,2021,W
90,Chestnut Hill,Chestnut Hill College,CACC,3,11,2021,W
90,Lake Erie,Lake Erie College,G-MAC,3,11,2021,W
90,West Va. Wesleyan,West Virginia Wesleyan College,MEC,3,11,2021,W
90,Westminster,Westminster College ,UT,3,11,2021,W
94,Felician,Felician University,CACC,3,12,2021,W
94,Lees-McRae,Lees,Conference Carolinas,3,12,2021,W
94,Shorter,Shorter University,Gulf South,3,12,2021,W
97,American Int'l,American International College,NE10,3,13,2021,W
98,Palm Beach Atl.,Palm Beach Atlantic University,Sunshine State,2,12,2021,W
99,CSU Pueblo,Colorado State University Pueblo,RMAC,2,13,2021,W
100,Edinboro,Edinboro University of Pennsylvania,PSAC,2,15,2021,W
1,Lindenwood,Lindenwood University,GLVC,17,1,2020,W
2,Le Moyne,Le Moyne College,NE10,13,1,2020,W
2,West Chester,West Chester University of Pennsylvania,PSAC,13,1,2020,W
4,Fla. Southern,Florida Southern College,Sunshine State,9,1,2020,W
5,Queens,Queens University of Charlotte,NC,14,2,2020,W
5,Regis,Regis University,CO,14,2,2020,W
5,Roberts Wesleyan,Roberts Wesleyan College,ECC,14,2,2020,W
5,UIndy,University of Indianapolis ,GLVC,14,2,2020,W
9,Mount Olive,University of Mount Olive,Conference Carolinas,13,2,2020,W
10,Georgian Court,Georgian Court University,CACC,12,2,2020,W
10,Grand Valley St.,Grand Valley State University,GLIAC,12,2,2020,W
10,Mercy,Mercy College,ECC,12,2,2020,W
10,Rollins,Rollins College,Sunshine State,6,1,2020,W
14,Seton Hill,Seton Hill University,PSAC,13,3,2020,W
15,Alabama Huntsville,University of Alabama in Huntsville,Gulf South,12,3,2020,W
15,Bentley,Bentley University,NE10,12,3,2020,W
15,Limestone,Limestone University,SAC,12,3,2020,W
15,Notre Dame,University of Notre Dame,OH,12,3,2020,W
19,Davenport,Davenport University,GLIAC,11,3,2020,W
19,Jefferson,Jefferson ,CACC,11,3,2020,W
19,Wingate,Wingate University,SAC,11,3,2020,W
22,East Stroudsburg,East Stroudsburg University of Pennsylvania,PSAC,12,4,2020,W
23,Belmont Abbey,Belmont Abbey College,Conference Carolinas,11,4,2020,W
24,St. Anselm,Saint Anselm College,NE10,8,3,2020,W
25,McKendree,McKendree University,GLVC,10,4,2020,W
25,Mercyhurst,Mercyhurst University,PSAC,10,4,2020,W
27,Barton,Barton College,Conference Carolinas,7,3,2020,W
27,Franklin Pierce,Franklin Pierce University,NE10,7,3,2020,W
27,Tampa,University of Tampa,Sunshine State,7,3,2020,W
30,Adelphi,Adelphi University,NE10,9,4,2020,W
30,Lee,Lee University,Gulf South,9,4,2020,W
30,Pace,Pace University,NE10,9,4,2020,W
33,Assumption,Assumption University,NE10,8,4,2020,W
33,Montevallo,University of Montevallo,Gulf South,8,4,2020,W
33,UC-Colo. Springs,University of Colorado Colorado Springs ,RMAC,8,4,2020,W
36,Colorado Mesa,Colorado Mesa University,RMAC,8,5,2020,W
37,Post,Post University,CACC,6,4,2020,W
37,Walsh,Walsh University,G-MAC,9,6,2020,W
39,Bloomsburg,Bloomsburg University of Pennsylvania,PSAC,8,6,2020,W
39,UVA Wise,University of Virginia's College at Wise,SAC,8,6,2020,W
41,Wilmington,Wilmington University ,DE,6,5,2020,W
42,Indiana,Indiana University of Pennsylvania,PA,6,6,2020,W
42,New Haven,University of New Haven,NE10,7,7,2020,W
42,Saint Leo,Saint Leo University,Sunshine State,5,5,2020,W
45,Findlay,University of Findlay,G-MAC,6,7,2020,W
45,Rockhurst,Rockhurst University,GLVC,6,7,2020,W
47,Davis & Elkins,Davis & Elkins College,MEC,5,6,2020,W
48,St. Thomas Aquinas,St. Thomas Aquinas College,ECC,4,5,2020,W
49,Lees-McRae,Lees,Conference Carolinas,3,4,2020,W
49,Northern Mich.,Northern Michigan University,GLIAC,6,8,2020,W
51,Fort Lewis,Fort Lewis College,RMAC,5,7,2020,W
51,Lenoir-Rhyne,Lenoir,SAC,5,7,2020,W
51,Newberry,Newberry College,SAC,5,7,2020,W
51,Slippery Rock,Slippery Rock University of Pennsylvania,PSAC,5,7,2020,W
55,Shepherd,Shepherd University,PSAC,4,6,2020,W
55,Stonehill,Stonehill College,NE10,4,6,2020,W
55,Tiffin,Tiffin University,G-MAC,6,9,2020,W
58,Missouri Western,Missouri Western State University,GLVC,5,8,2020,W
58,North Greenville,North Greenville University,Conference Carolinas,5,8,2020,W
58,Shippensburg,Shippensburg University of Pennsylvania,PSAC,5,8,2020,W
58,Young Harris,Young Harris College,Gulf South,5,8,2020,W
62,Alderson Broaddus,Alderson Broaddus University,G-MAC,4,7,2020,W
62,Lock Haven,Lock Haven University of Pennsylvania,PSAC,4,7,2020,W
62,Molloy,Molloy College,ECC,4,7,2020,W
62,Westminster,Westminster College ,UT,4,7,2020,W
66,Charleston,University of Charleston,WV,5,9,2020,W
67,Edinboro,Edinboro University of Pennsylvania,PSAC,1,2,2020,W
67,Lewis,Lewis University,GLVC,4,8,2020,W
69,CSU Pueblo,Colorado State University Pueblo,RMAC,4,9,2020,W
70,Concordia-St. Paul,"Concordia University, St. Paul ",GLIAC,3,7,2020,W
70,Lander,Lander University,Gulf South,3,7,2020,W
72,Lincoln Memorial,Lincoln Memorial University,SAC,2,5,2020,W
72,Southern Wesleyan,Southern Wesleyan University,Conference Carolinas,4,10,2020,W
74,Caldwell,Caldwell University,CACC,3,8,2020,W
74,Millersville,Millersville University of Pennsylvania,PSAC,3,8,2020,W
76,Mars Hill,Mars Hill University,SAC,3,9,2020,W
77,Chowan,Chowan University,Conference Carolinas,2,7,2020,W
77,Florida Tech,Florida Institute of Technology,Sunshine State,2,7,2020,W
77,Holy Family,Holy Family University,CACC,2,7,2020,W
77,Lynn,Lynn University,Sunshine State,2,7,2020,W
77,Southern Conn. St.,Southern Connecticut State University,NE10,2,7,2020,W
82,Bridgeport,University of Bridgeport,ECC,1,4,2020,W
82,Coker,Coker University,SAC,2,8,2020,W
84,Ursuline,Ursuline College,G-MAC,2,9,2020,W
85,Quincy,Quincy University,GLVC,2,10,2020,W
85,Southern N.H.,Southern New Hampshire University,NE10,2,10,2020,W
87,American Int'l,American International College,NE10,2,11,2020,W
88,Tusculum,Tusculum University,SAC,1,6,2020,W
89,Converse,Converse College,Conference Carolinas,1,7,2020,W
90,Palm Beach Atl.,Palm Beach Atlantic University,Sunshine State,1,8,2020,W
91,Maryville,Maryville University of St. Louis,MO,1,10,2020,W
92,Gannon,Gannon University,PSAC,1,11,2020,W
92,Saint Rose,The College of Saint Rose,NE10,1,11,2020,W
94,Kutztown,Kutztown University of Pennsylvania,PSAC,1,12,2020,W
95,Adams St.,Adams State University,RMAC,0,8,2020,W
95,Alliance,University of Mount Union ,CACC,0,4,2020,W
95,Ashland,Ashland University,GLIAC,0,12,2020,W
95,Catawba,Catawba College,SAC,0,5,2020,W
95,Chestnut Hill,Chestnut Hill College,CACC,0,7,2020,W
95,Erskine,Erskine College,Conference Carolinas,0,7,2020,W
95,Felician,Felician University,CACC,0,5,2020,W
95,Saint Michael's,Saint Michael's College,NE10,0,10,2020,W
95,West Va. Wesleyan,West Virginia Wesleyan College,MEC,0,10,2020,W
1,St. Anselm,Saint Anselm College,NE10,4,0,2019,W
1,West Chester,West Chester University of Pennsylvania,PSAC,2,0,2019,W
1,New Haven,University of New Haven,NE10,2,0,2019,W
1,Queens,Queens University of Charlotte,NC,5,0,2019,W
1,Fort Lewis,Fort Lewis College,RMAC,2,0,2019,W
1,Le Moyne,Le Moyne College,NE10,4,0,2019,W
1,Mount Olive,University of Mount Olive,Conference Carolinas,7,0,2019,W
1,Assumption,Assumption University,NE10,3,0,2019,W
9,Lindenwood,Lindenwood University,GLVC,9,1,2019,W
10,UIndy,University of Indianapolis ,GLVC,7,1,2019,W
11,Tampa,University of Tampa,Sunshine State,6,1,2019,W
11,Rollins,Rollins College,Sunshine State,6,1,2019,W
13,Bridgeport,University of Bridgeport,ECC,5,1,2019,W
14,Mercy,Mercy College,ECC,4,1,2019,W
14,Davenport,Davenport University,GLIAC,4,1,2019,W
14,Roberts Wesleyan,Roberts Wesleyan College,ECC,4,1,2019,W
14,East Stroudsburg,East Stroudsburg University of Pennsylvania,PSAC,4,1,2019,W
14,Bloomsburg,Bloomsburg University of Pennsylvania,PSAC,4,1,2019,W
19,Belmont Abbey,Belmont Abbey College,Conference Carolinas,7,2,2019,W
20,Adelphi,Adelphi University,NE10,3,1,2019,W
20,Florida Tech,Florida Institute of Technology,Sunshine State,6,2,2019,W
20,Mercyhurst,Mercyhurst University,PSAC,3,1,2019,W
20,American Int'l,American International College,NE10,3,1,2019,W
20,Lee,Lee University,Gulf South,6,2,2019,W
20,Grand Valley St.,Grand Valley State University,GLIAC,3,1,2019,W
20,Limestone,Limestone University,Conference Carolinas,6,2,2019,W
27,Concordia-St. Paul,"Concordia University, St. Paul ",GLIAC,5,2,2019,W
27,Embry-Riddle,Embry,FL,5,2,2019,W
27,St. Thomas Aquinas,St. Thomas Aquinas College,ECC,5,2,2019,W
27,Alabama Huntsville,University of Alabama in Huntsville,Gulf South,5,2,2019,W
31,Lenoir-Rhyne,Lenoir,SAC,4,2,2019,W
31,Southern N.H.,Southern New Hampshire University,NE10,2,1,2019,W
31,Gannon,Gannon University,PSAC,4,2,2019,W
31,Fla. Southern,Florida Southern College,Sunshine State,6,3,2019,W
31,Bentley,Bentley University,NE10,2,1,2019,W
36,Palm Beach Atl.,Palm Beach Atlantic University,Sunshine State,5,3,2019,W
37,New York Tech,New York Institute of Technology ,ECC,3,2,2019,W
37,Lock Haven,Lock Haven University of Pennsylvania,PSAC,3,2,2019,W
37,Shepherd,Shepherd University,PSAC,3,2,2019,W
37,Charleston,University of Charleston,WV,3,2,2019,W
37,Maryville,Maryville University of St. Louis,MO,3,2,2019,W
37,Millersville,Millersville University of Pennsylvania,PSAC,3,2,2019,W
37,Barton,Barton College,Conference Carolinas,6,4,2019,W
44,Saint Leo,Saint Leo University,Sunshine State,4,3,2019,W
44,Montevallo,University of Montevallo,Gulf South,4,3,2019,W
44,McKendree,McKendree University,GLVC,4,3,2019,W
47,Indiana,Indiana University of Pennsylvania,PA,2,2,2019,W
47,Regis,Regis University,CO,2,2,2019,W
47,Alliance,University of Mount Union ,CACC,1,1,2019,W
47,UC-Colo. Springs,University of Colorado Colorado Springs ,RMAC,3,3,2019,W
47,Edinboro,Edinboro University of Pennsylvania,PSAC,2,2,2019,W
47,Mars Hill,Mars Hill University,SAC,4,4,2019,W
47,Franklin Pierce,Franklin Pierce University,NE10,2,2,2019,W
47,Felician,Felician University,CACC,1,1,2019,W
47,Pace,Pace University,NE10,1,1,2019,W
47,Rockhurst,Rockhurst University,GLVC,4,4,2019,W
47,Alderson Broaddus,Alderson Broaddus University,G-MAC,2,2,2019,W
47,Shippensburg,Shippensburg University of Pennsylvania,PSAC,3,3,2019,W
47,Seton Hill,Seton Hill University,PSAC,3,3,2019,W
47,Stonehill,Stonehill College,NE10,2,2,2019,W
47,Colorado Mesa,Colorado Mesa University,RMAC,2,2,2019,W
47,Lynn,Lynn University,Sunshine State,3,3,2019,W
47,Tusculum,Tusculum University,SAC,3,3,2019,W
64,Lander,Lander University,Gulf South,4,5,2019,W
64,Newberry,Newberry College,SAC,4,5,2019,W
66,Slippery Rock,Slippery Rock University of Pennsylvania,PSAC,2,3,2019,W
66,Findlay,University of Findlay,G-MAC,2,3,2019,W
66,Walsh,Walsh University,G-MAC,2,3,2019,W
66,Kutztown,Kutztown University of Pennsylvania,PSAC,2,3,2019,W
66,Northern Mich.,Northern Michigan University,GLIAC,2,3,2019,W
66,Lincoln Memorial,Lincoln Memorial University,SAC,2,3,2019,W
66,Coker,Coker University,SAC,2,3,2019,W
66,Saint Rose,The College of Saint Rose,NE10,2,3,2019,W
66,Notre Dame,University of Notre Dame,OH,2,3,2019,W
66,Molloy,Molloy College,ECC,2,3,2019,W
66,Southern Conn. St.,Southern Connecticut State University,NE10,2,3,2019,W
77,Young Harris,Young Harris College,Gulf South,3,5,2019,W
77,Wingate,Wingate University,SAC,3,5,2019,W
79,Ashland,Ashland University,GLIAC,2,4,2019,W
79,Lees-McRae,Lees,Conference Carolinas,2,4,2019,W
79,Southern Wesleyan,Southern Wesleyan University,Conference Carolinas,2,4,2019,W
79,UVA Wise,University of Virginia's College at Wise,SAC,2,4,2019,W
83,Quincy,Quincy University,GLVC,2,5,2019,W
84,Lewis,Lewis University,GLVC,2,6,2019,W
84,North Greenville,North Greenville University,Conference Carolinas,2,6,2019,W
84,Davis & Elkins,Davis & Elkins College,MEC,1,3,2019,W
87,CSU Pueblo,Colorado State University Pueblo,RMAC,1,4,2019,W
87,Tiffin,Tiffin University,G-MAC,1,4,2019,W
89,Wilmington,Wilmington University ,DE,1,6,2019,W
89,Catawba,Catawba College,SAC,1,6,2019,W
89,Chowan,Chowan University,Conference Carolinas,1,6,2019,W
89,Georgian Court,Georgian Court University,CACC,1,6,2019,W
89,Post,Post University,CACC,1,6,2019,W
94,Upper Iowa,Upper Iowa University,GLIAC,0,1,2019,W
94,Adams St.,Adams State University,RMAC,0,3,2019,W
94,Dominican,Dominican College ,NY,0,4,2019,W
94,Converse,Converse College,Conference Carolinas,0,6,2019,W
94,Caldwell,Caldwell University,CACC,0,4,2019,W
94,Chestnut Hill,Chestnut Hill College,CACC,0,4,2019,W
94,Emmanuel,Emmanuel College ,GA,0,6,2019,W
94,Shorter,Shorter University,Gulf South,0,5,2019,W
94,Westminster,Westminster College ,UT,0,1,2019,W
94,Okla. Baptist,Oklahoma Baptist University,RMAC,0,5,2019,W
94,Ursuline,Ursuline College,G-MAC,0,3,2019,W
94,West Va. Wesleyan,West Virginia Wesleyan College,MEC,0,4,2019,W
94,Jefferson,Jefferson ,CACC,0,4,2019,W
94,Dist. Columbia,University of the District of Columbia,ECC,0,3,2019,W
94,Erskine,Erskine College,Conference Carolinas,0,7,2019,W
94,Holy Family,Holy Family University,CACC,0,3,2019,W
1,Regis,Regis University,CO,20,1,2018,W
2,Le Moyne,Le Moyne College,NE10,20,2,2018,W
3,UIndy,University of Indianapolis ,GLIAC,18,2,2018,W
3,Limestone,Limestone University,Conference Carolinas,18,2,2018,W
5,West Chester,West Chester University of Pennsylvania,PSAC,20,3,2018,W
6,Queens,Queens University of Charlotte,NC,19,3,2018,W
6,Adelphi,Adelphi University,NE10,19,3,2018,W
8,Alabama Huntsville,University of Alabama in Huntsville,Gulf South,16,3,2018,W
8,Lindenwood,Lindenwood University,RMAC,16,3,2018,W
10,Rollins,Rollins College,Sunshine State,15,3,2018,W
11,Fla. Southern,Florida Southern College,Sunshine State,16,4,2018,W
12,Colorado Mesa,Colorado Mesa University,RMAC,15,4,2018,W
12,Georgian Court,Georgian Court University,CACC,15,4,2018,W
14,Tampa,University of Tampa,Sunshine State,14,4,2018,W
14,Grand Valley St.,Grand Valley State University,GLIAC,14,4,2018,W
16,Saint Leo,Saint Leo University,Sunshine State,13,4,2018,W
17,LIU Post,LIU Post ,ECC,16,5,2018,W
18,Mercy,Mercy College,ECC,15,5,2018,W
19,Assumption,Assumption University,NE10,14,5,2018,W
20,New York Tech,New York Institute of Technology ,ECC,13,5,2018,W
21,East Stroudsburg,East Stroudsburg University of Pennsylvania,PSAC,15,6,2018,W
22,Walsh,Walsh University,G-MAC,12,5,2018,W
23,Mount Olive,University of Mount Olive,Conference Carolinas,14,6,2018,W
24,UVA Wise,University of Virginia's College at Wise,MEC,13,6,2018,W
25,Lenoir-Rhyne,Lenoir,SAC,12,6,2018,W
25,Lincoln Memorial,Lincoln Memorial University,SAC,12,6,2018,W
27,Mercyhurst,Mercyhurst University,PSAC,13,7,2018,W
28,Bloomsburg,Bloomsburg University of Pennsylvania,PSAC,11,6,2018,W
28,Bentley,Bentley University,NE10,11,6,2018,W
28,Roberts Wesleyan,Roberts Wesleyan College,ECC,11,6,2018,W
31,Wheeling,Wheeling University,MEC,12,7,2018,W
31,Molloy,Molloy College,ECC,12,7,2018,W
31,New Haven,University of New Haven,NE10,12,7,2018,W
31,Tiffin,Tiffin University,G-MAC,12,7,2018,W
35,Jefferson,Jefferson ,CACC,10,6,2018,W
35,Davis & Elkins,Davis & Elkins College,G-MAC,10,6,2018,W
37,Pace,Pace University,NE10,11,7,2018,W
37,Shepherd,Shepherd University,MEC,11,7,2018,W
37,McKendree,McKendree University,GLIAC,11,7,2018,W
37,Young Harris,Young Harris College,Gulf South,11,7,2018,W
37,Concordia-St. Paul,"Concordia University, St. Paul ",GLIAC,11,7,2018,W
42,Embry-Riddle,Embry,FL,10,7,2018,W
42,Indiana,Indiana University of Pennsylvania,PA,10,7,2018,W
44,Belmont Abbey,Belmont Abbey College,Conference Carolinas,11,8,2018,W
44,Wilmington,Wilmington University ,DE,11,8,2018,W
44,Merrimack,Merrimack College,NE10,11,8,2018,W
44,Rockhurst,Rockhurst University,RMAC,11,8,2018,W
48,Barton,Barton College,Conference Carolinas,9,7,2018,W
49,Seton Hill,Seton Hill University,PSAC,11,9,2018,W
50,North Greenville,North Greenville University,Conference Carolinas,9,8,2018,W
51,Findlay,University of Findlay,G-MAC,10,9,2018,W
52,Millersville,Millersville University of Pennsylvania,PSAC,9,9,2018,W
52,Wingate,Wingate University,SAC,9,9,2018,W
52,Stonehill,Stonehill College,NE10,9,9,2018,W
55,Catawba,Catawba College,SAC,8,9,2018,W
55,Bridgeport,University of Bridgeport,ECC,8,9,2018,W
55,St. Thomas Aquinas,St. Thomas Aquinas College,ECC,8,9,2018,W
58,Florida Tech,Florida Institute of Technology,Sunshine State,7,9,2018,W
58,Kutztown,Kutztown University of Pennsylvania,PSAC,7,9,2018,W
58,Slippery Rock,Slippery Rock University of Pennsylvania,PSAC,7,9,2018,W
58,St. Anselm,Saint Anselm College,NE10,7,9,2018,W
62,Ohio Valley,Ohio Valley University,G-MAC,6,8,2018,W
62,CSU Pueblo,Colorado State University Pueblo,RMAC,6,8,2018,W
64,Lake Erie,Lake Erie College,G-MAC,7,10,2018,W
65,Dominican,Dominican College ,NY,6,9,2018,W
65,Coker,Coker University,SAC,6,9,2018,W
67,Notre Dame,University of Notre Dame,OH,7,11,2018,W
68,Franklin Pierce,Franklin Pierce University,NE10,6,10,2018,W
68,UC-Colo. Springs,University of Colorado Colorado Springs ,RMAC,6,10,2018,W
68,Montevallo,University of Montevallo,Gulf South,6,10,2018,W
68,Southern N.H.,Southern New Hampshire University,NE10,6,10,2018,W
72,Okla. Baptist,Oklahoma Baptist University,RMAC,5,9,2018,W
72,Palm Beach Atl.,Palm Beach Atlantic University,Sunshine State,5,9,2018,W
72,Shorter,Shorter University,Gulf South,5,9,2018,W
72,Converse,Converse College,Conference Carolinas,5,9,2018,W
76,Caldwell,Caldwell University,CACC,6,11,2018,W
77,Chestnut Hill,Chestnut Hill College,CACC,5,10,2018,W
77,Mars Hill,Mars Hill University,SAC,5,10,2018,W
79,Shippensburg,Shippensburg University of Pennsylvania,PSAC,5,11,2018,W
79,Ashland,Ashland University,GLIAC,5,11,2018,W
81,Alliance,University of Mount Union ,CACC,5,12,2018,W
81,West Va. Wesleyan,West Virginia Wesleyan College,MEC,5,12,2018,W
81,Charleston,University of Charleston,WV,5,12,2018,W
81,Southern Wesleyan,Southern Wesleyan University,Conference Carolinas,5,12,2018,W
85,Westminster,Westminster College ,UT,4,10,2018,W
86,Fort Lewis,Fort Lewis College,RMAC,2,6,2018,W
86,Post,Post University,CACC,4,12,2018,W
86,Erskine,Erskine College,Conference Carolinas,4,12,2018,W
86,Tusculum,Tusculum University,SAC,4,12,2018,W
86,Ursuline,Ursuline College,G-MAC,4,12,2018,W
86,Lee,Lee University,Gulf South,4,12,2018,W
86,Northern Mich.,Northern Michigan University,GLIAC,4,12,2018,W
93,American Int'l,American International College,NE10,4,13,2018,W
93,Lock Haven,Lock Haven University of Pennsylvania,PSAC,4,13,2018,W
95,Saint Michael's,Saint Michael's College,NE10,3,12,2018,W
96,Holy Family,Holy Family University,CACC,3,13,2018,W
96,Gannon,Gannon University,PSAC,3,13,2018,W
98,Newberry,Newberry College,SAC,3,14,2018,W
98,Edinboro,Edinboro University of Pennsylvania,PSAC,3,14,2018,W
100,Maryville,Maryville University of St. Louis,MO,2,13,2018,W
1,Le Moyne,Le Moyne College,NE10,22,1,2017,W
2,West Chester,West Chester University of Pennsylvania,PSAC,19,1,2017,W
2,Lindenwood,Lindenwood University,RMAC,19,1,2017,W
4,Fla. Southern,Florida Southern College,Sunshine State,21,2,2017,W
5,Lake Erie,Lake Erie College,G-MAC,16,2,2017,W
6,Adelphi,Adelphi University,NE10,19,3,2017,W
7,Florida Tech,Florida Institute of Technology,Sunshine State,17,3,2017,W
7,Limestone,Limestone University,Conference Carolinas,17,3,2017,W
9,UIndy,University of Indianapolis ,GLIAC,16,4,2017,W
10,East Stroudsburg,East Stroudsburg University of Pennsylvania,PSAC,15,4,2017,W
10,Findlay,University of Findlay,G-MAC,15,4,2017,W
12,Mercy,Mercy College,ECC,14,4,2017,W
12,UVA Wise,University of Virginia's College at Wise,MEC,14,4,2017,W
12,Rollins,Rollins College,Sunshine State,14,4,2017,W
15,Regis,Regis University,CO,17,5,2017,W
16,Colorado Mesa,Colorado Mesa University,RMAC,12,4,2017,W
17,Merrimack,Merrimack College,NE10,14,5,2017,W
17,Mount Olive,University of Mount Olive,Conference Carolinas,14,5,2017,W
17,New York Tech,New York Institute of Technology ,ECC,14,5,2017,W
17,Young Harris,Young Harris College,Gulf South,14,5,2017,W
17,Pace,Pace University,NE10,14,5,2017,W
22,Alabama Huntsville,University of Alabama in Huntsville,Gulf South,13,5,2017,W
22,Grand Valley St.,Grand Valley State University,GLIAC,13,5,2017,W
22,Slippery Rock,Slippery Rock University of Pennsylvania,PSAC,13,5,2017,W
25,LIU Post,LIU Post ,ECC,14,6,2017,W
25,Belmont Abbey,Belmont Abbey College,Conference Carolinas,14,6,2017,W
27,Lock Haven,Lock Haven University of Pennsylvania,PSAC,13,6,2017,W
27,North Greenville,North Greenville University,Conference Carolinas,13,6,2017,W
27,Georgian Court,Georgian Court University,CACC,13,6,2017,W
30,Tampa,University of Tampa,Sunshine State,12,6,2017,W
30,New Haven,University of New Haven,NE10,12,6,2017,W
32,Mercyhurst,Mercyhurst University,PSAC,13,7,2017,W
33,Saint Leo,Saint Leo University,Sunshine State,11,6,2017,W
34,Chestnut Hill,Chestnut Hill College,CACC,12,7,2017,W
35,Walsh,Walsh University,G-MAC,11,7,2017,W
35,Tiffin,Tiffin University,GLIAC,11,7,2017,W
37,Indiana,Indiana University of Pennsylvania,PA,9,6,2017,W
38,Millersville,Millersville University of Pennsylvania,PSAC,10,7,2017,W
39,Catawba,Catawba College,SAC,11,8,2017,W
39,Queens,Queens University of Charlotte,NC,11,8,2017,W
39,Molloy,Molloy College,ECC,11,8,2017,W
42,Bentley,Bentley University,NE10,9,7,2017,W
43,Bloomsburg,Bloomsburg University of Pennsylvania,PSAC,10,8,2017,W
44,Shepherd,Shepherd University,MEC,8,7,2017,W
44,Rockhurst,Rockhurst University,RMAC,8,7,2017,W
46,Jefferson,Jefferson ,CACC,9,8,2017,W
46,Assumption,Assumption University,NE10,9,8,2017,W
48,Lee,Lee University,Gulf South,9,9,2017,W
48,Roberts Wesleyan,Roberts Wesleyan College,ECC,9,9,2017,W
48,Lincoln Memorial,Lincoln Memorial University,SAC,8,8,2017,W
48,Fort Lewis,Fort Lewis College,RMAC,7,7,2017,W
52,Lenoir-Rhyne,Lenoir,SAC,9,10,2017,W
52,McKendree,McKendree University,GLIAC,9,10,2017,W
54,Stonehill,Stonehill College,NE10,8,9,2017,W
54,Chowan,Chowan University,Conference Carolinas,8,9,2017,W
54,Montevallo,University of Montevallo,Gulf South,8,9,2017,W
54,Charleston,University of Charleston,WV,8,9,2017,W
58,St. Anselm,Saint Anselm College,NE10,8,10,2017,W
59,Concordia-St. Paul,"Concordia University, St. Paul ",GLIAC,7,9,2017,W
60,West Va. Wesleyan,West Virginia Wesleyan College,MEC,6,8,2017,W
60,Brevard,Brevard College,USA South,6,8,2017,W
62,UC-Colo. Springs,University of Colorado Colorado Springs ,RMAC,7,10,2017,W
62,Embry-Riddle,Embry,FL,7,10,2017,W
62,Wilmington,Wilmington University ,DE,7,10,2017,W
62,Shippensburg,Shippensburg University of Pennsylvania,PSAC,7,10,2017,W
66,Bridgeport,University of Bridgeport,ECC,6,9,2017,W
66,Caldwell,Caldwell University,CACC,6,9,2017,W
66,Franklin Pierce,Franklin Pierce University,NE10,6,9,2017,W
69,Ursuline,Ursuline College,G-MAC,7,11,2017,W
70,Wheeling,Wheeling University,MEC,6,10,2017,W
70,Dominican,Dominican College ,NY,6,10,2017,W
70,St. Thomas Aquinas,St. Thomas Aquinas College,ECC,6,10,2017,W
73,Tusculum,Tusculum University,SAC,6,11,2017,W
73,Kutztown,Kutztown University of Pennsylvania,PSAC,6,11,2017,W
75,Alderson Broaddus,Alderson Broaddus University,G-MAC,6,12,2017,W
75,Converse,Converse College,Conference Carolinas,6,12,2017,W
75,Barton,Barton College,Conference Carolinas,5,10,2017,W
78,Wingate,Wingate University,SAC,6,13,2017,W
79,Seton Hill,Seton Hill University,PSAC,5,11,2017,W
79,Okla. Baptist,Oklahoma Baptist University,Independent,5,11,2017,W
81,Gannon,Gannon University,PSAC,4,10,2017,W
82,Coker,Coker University,SAC,4,11,2017,W
82,CSU Pueblo,Colorado State University Pueblo,RMAC,4,11,2017,W
82,Queens,Queens University of Charlotte,NY,4,11,2017,W
85,Southern Conn. St.,Southern Connecticut State University,NE10,4,12,2017,W
86,Southern N.H.,Southern New Hampshire University,NE10,4,13,2017,W
87,Adams St.,Adams State University,RMAC,3,10,2017,W
88,Holy Family,Holy Family University,CACC,3,11,2017,W
88,Notre Dame,University of Notre Dame,OH,3,11,2017,W
90,Alliance,University of Mount Union ,CACC,3,12,2017,W
90,Mars Hill,Mars Hill University,SAC,3,12,2017,W
92,Edinboro,Edinboro University of Pennsylvania,PSAC,3,13,2017,W
92,Davis & Elkins,Davis & Elkins College,G-MAC,3,13,2017,W
94,Newberry,Newberry College,SAC,3,14,2017,W
94,American Int'l,American International College,NE10,3,14,2017,W
96,Erskine,Erskine College,Conference Carolinas,2,12,2017,W
97,Saint Michael's,Saint Michael's College,NE10,2,13,2017,W
97,Northern Mich.,Northern Michigan University,GLIAC,2,13,2017,W
99,Ohio Valley,Ohio Valley University,G-MAC,2,14,2017,W
99,Salem St.,Salem State University,MASCAC,2,14,2017,W
1,Adelphi,Adelphi University,NE10,21,1,2016,W
2,Lindenwood,Lindenwood University,RMAC,21,2,2016,W
3,Le Moyne,Le Moyne College,NE10,19,2,2016,W
4,Fla. Southern,Florida Southern College,Sunshine State,21,3,2016,W
5,Regis,Regis University,CO,17,3,2016,W
5,Limestone,Limestone University,Conference Carolinas,17,3,2016,W
5,East Stroudsburg,East Stroudsburg University of Pennsylvania,PSAC,17,3,2016,W
8,LIU Post,LIU Post ,ECC,16,3,2016,W
9,Queens,Queens University of Charlotte,NC,17,4,2016,W
10,Mercy,Mercy College,ECC,16,4,2016,W
11,New York Tech,New York Institute of Technology ,ECC,15,4,2016,W
12,Florida Tech,Florida Institute of Technology,Sunshine State,14,4,2016,W
13,Colorado Mesa,Colorado Mesa University,RMAC,13,4,2016,W
14,New Haven,University of New Haven,NE10,15,5,2016,W
15,Alabama Huntsville,University of Alabama in Huntsville,Gulf South,14,5,2016,W
15,Coker,Coker University,SAC,14,5,2016,W
17,McKendree,McKendree University,GLIAC,13,5,2016,W
17,Mercyhurst,Mercyhurst University,PSAC,13,5,2016,W
17,Catawba,Catawba College,SAC,13,5,2016,W
17,UIndy,University of Indianapolis ,GLIAC,13,5,2016,W
17,Wingate,Wingate University,SAC,13,5,2016,W
22,UVA Wise,University of Virginia's College at Wise,MEC,12,5,2016,W
22,West Chester,West Chester University of Pennsylvania,PSAC,12,5,2016,W
22,Rollins,Rollins College,Sunshine State,12,5,2016,W
25,Alderson Broaddus,Alderson Broaddus University,G-MAC,9,4,2016,W
26,Georgian Court,Georgian Court University,CACC,13,6,2016,W
27,Tiffin,Tiffin University,GLIAC,12,6,2016,W
27,Slippery Rock,Slippery Rock University of Pennsylvania,PSAC,12,6,2016,W
27,Lake Erie,Lake Erie College,GLIAC,10,5,2016,W
27,Molloy,Molloy College,ECC,10,5,2016,W
31,Pace,Pace University,NE10,11,6,2016,W
32,Mount Olive,University of Mount Olive,Conference Carolinas,12,7,2016,W
32,Young Harris,Young Harris College,Gulf South,12,7,2016,W
34,Shorter,Shorter University,Gulf South,10,6,2016,W
35,Indiana,Indiana University of Pennsylvania,PA,11,7,2016,W
35,Stonehill,Stonehill College,NE10,11,7,2016,W
37,Bridgeport,University of Bridgeport,ECC,9,6,2016,W
37,Emmanuel,Emmanuel College ,GA,9,6,2016,W
39,Lenoir-Rhyne,Lenoir,SAC,11,8,2016,W
40,Dominican,Dominican College ,NY,8,6,2016,W
41,Pfeiffer,Pfeiffer University,Conference Carolinas,9,7,2016,W
41,Bloomsburg,Bloomsburg University of Pennsylvania,PSAC,9,7,2016,W
41,Fort Lewis,Fort Lewis College,RMAC,9,7,2016,W
41,Wheeling,Wheeling University,MEC,9,7,2016,W
45,North Greenville,North Greenville University,Conference Carolinas,10,8,2016,W
45,Belmont Abbey,Belmont Abbey College,Conference Carolinas,10,8,2016,W
45,Jefferson,Jefferson ,CACC,10,8,2016,W
45,Seton Hill,Seton Hill University,PSAC,10,8,2016,W
49,Assumption,Assumption University,NE10,9,8,2016,W
49,Lock Haven,Lock Haven University of Pennsylvania,PSAC,9,8,2016,W
51,Rockhurst,Rockhurst University,RMAC,9,9,2016,W
51,Ursuline,Ursuline College,G-MAC,8,8,2016,W
51,Concordia-St. Paul,"Concordia University, St. Paul ",Independent,8,8,2016,W
51,Walsh,Walsh University,GLIAC,8,8,2016,W
55,Grand Valley St.,Grand Valley State University,GLIAC,8,9,2016,W
55,Millersville,Millersville University of Pennsylvania,PSAC,8,9,2016,W
57,Southern N.H.,Southern New Hampshire University,NE10,7,8,2016,W
58,Montevallo,University of Montevallo,Gulf South,8,10,2016,W
59,Caldwell,Caldwell University,CACC,7,9,2016,W
59,Bentley,Bentley University,NE10,7,9,2016,W
59,Franklin Pierce,Franklin Pierce University,NE10,7,9,2016,W
59,Shippensburg,Shippensburg University of Pennsylvania,PSAC,7,9,2016,W
63,Kutztown,Kutztown University of Pennsylvania,PSAC,7,10,2016,W
63,Wilmington,Wilmington University ,DE,7,10,2016,W
65,Lincoln Memorial,Lincoln Memorial University,SAC,6,9,2016,W
66,Chestnut Hill,Chestnut Hill College,CACC,7,11,2016,W
66,Findlay,University of Findlay,GLIAC,7,11,2016,W
66,Roberts Wesleyan,Roberts Wesleyan College,ECC,7,11,2016,W
69,Tampa,University of Tampa,Sunshine State,6,11,2016,W
69,St. Anselm,Saint Anselm College,NE10,6,11,2016,W
69,Saint Leo,Saint Leo University,Sunshine State,6,11,2016,W
72,Shepherd,Shepherd University,MEC,6,12,2016,W
72,Lees-McRae,Lees,Conference Carolinas,5,10,2016,W
72,Chowan,Chowan University,Conference Carolinas,5,10,2016,W
72,CSU Pueblo,Colorado State University Pueblo,RMAC,5,10,2016,W
76,Gannon,Gannon University,PSAC,5,11,2016,W
76,St. Thomas Aquinas,St. Thomas Aquinas College,ECC,5,11,2016,W
78,Converse,Converse College,Conference Carolinas,5,12,2016,W
78,Tusculum,Tusculum University,SAC,5,12,2016,W
78,Newberry,Newberry College,SAC,5,12,2016,W
81,Saint Michael's,Saint Michael's College,NE10,4,10,2016,W
81,Charleston,University of Charleston,WV,4,10,2016,W
81,Okla. Baptist,Oklahoma Baptist University,Independent,4,10,2016,W
81,UC-Colo. Springs,University of Colorado Colorado Springs ,RMAC,4,10,2016,W
85,West Va. Wesleyan,West Virginia Wesleyan College,MEC,4,11,2016,W
86,American Int'l,American International College,NE10,4,12,2016,W
86,Southern Conn. St.,Southern Connecticut State University,NE10,4,12,2016,W
88,Merrimack,Merrimack College,NE10,4,13,2016,W
89,Brevard,Brevard College,SAC,3,12,2016,W
89,Queens,Queens University of Charlotte,NY,3,12,2016,W
91,Post,Post University,CACC,2,12,2016,W
91,Holy Family,Holy Family University,CACC,2,12,2016,W
93,Adams St.,Adams State University,RMAC,2,13,2016,W
94,Alliance,University of Mount Union ,CACC,2,14,2016,W
95,Edinboro,Edinboro University of Pennsylvania,PSAC,2,15,2016,W
95,Erskine,Erskine College,Conference Carolinas,2,15,2016,W
97,Notre Dame,University of Notre Dame,OH,1,10,2016,W
98,Barton,Barton College,Conference Carolinas,1,11,2016,W
98,Dist. Columbia,University of the District of Columbia,ECC,1,11,2016,W
100,Northern Mich.,Northern Michigan University,GLIAC,1,13,2016,W
1,Adelphi,Adelphi University,NE10,21,1,2015,W
2,Fla. Southern,Florida Southern College,Sunshine State,19,3,2015,W
3,Queens,Queens University of Charlotte,NC,18,3,2015,W
3,Le Moyne,Le Moyne College,NE10,18,3,2015,W
5,Mercyhurst,Mercyhurst University,PSAC,17,3,2015,W
5,West Chester,West Chester University of Pennsylvania,PSAC,17,3,2015,W
5,Lindenwood,Lindenwood University,RMAC,17,3,2015,W
8,Regis,Regis University,CO,15,3,2015,W
9,Dowling,Dowling College ,ECC,17,4,2015,W
9,LIU Post,LIU Post ,ECC,17,4,2015,W
11,Rollins,Rollins College,Sunshine State,15,4,2015,W
11,Limestone,Limestone University,Conference Carolinas,15,4,2015,W
13,Alabama Huntsville,University of Alabama in Huntsville,Gulf South,14,4,2015,W
14,Grand Valley St.,Grand Valley State University,GLIAC,15,5,2015,W
15,Lock Haven,Lock Haven University of Pennsylvania,PSAC,14,5,2015,W
15,Jefferson,Jefferson ,CACC,14,5,2015,W
17,Young Harris,Young Harris College,Gulf South,13,5,2015,W
18,Colorado Mesa,Colorado Mesa University,RMAC,10,4,2015,W
19,Wingate,Wingate University,SAC,12,5,2015,W
19,East Stroudsburg,East Stroudsburg University of Pennsylvania,PSAC,12,5,2015,W
21,UVA Wise,University of Virginia's College at Wise,MEC,11,5,2015,W
22,Bentley,Bentley University,NE10,13,6,2015,W
22,Mount Olive,University of Mount Olive,Conference Carolinas,13,6,2015,W
22,Indiana,Indiana University of Pennsylvania,PA,13,6,2015,W
25,Southern N.H.,Southern New Hampshire University,NE10,12,6,2015,W
25,Wheeling,Wheeling University,MEC,12,6,2015,W
25,Tiffin,Tiffin University,GLIAC,12,6,2015,W
28,New Haven,University of New Haven,NE10,13,7,2015,W
29,Tusculum,Tusculum University,SAC,11,6,2015,W
30,Mercy,Mercy College,ECC,12,7,2015,W
31,Millersville,Millersville University of Pennsylvania,PSAC,11,7,2015,W
31,Belmont Abbey,Belmont Abbey College,Conference Carolinas,11,7,2015,W
31,Lenoir-Rhyne,Lenoir,SAC,11,7,2015,W
34,Findlay,University of Findlay,GLIAC,12,8,2015,W
35,St. Thomas Aquinas,St. Thomas Aquinas College,ECC,10,7,2015,W
35,Florida Tech,Florida Institute of Technology,Sunshine State,10,7,2015,W
37,Molloy,Molloy College,ECC,11,8,2015,W
37,Chestnut Hill,Chestnut Hill College,CACC,11,8,2015,W
39,Fort Lewis,Fort Lewis College,RMAC,8,6,2015,W
40,Brevard,Brevard College,SAC,9,7,2015,W
41,Pace,Pace University,NE10,10,8,2015,W
42,Coker,Coker University,SAC,8,7,2015,W
43,Ursuline,Ursuline College,GLIAC,9,8,2015,W
43,Slippery Rock,Slippery Rock University of Pennsylvania,PSAC,9,8,2015,W
45,American Int'l,American International College,NE10,9,9,2015,W
45,Stonehill,Stonehill College,NE10,9,9,2015,W
45,Shepherd,Shepherd University,MEC,9,9,2015,W
45,North Greenville,North Greenville University,Conference Carolinas,9,9,2015,W
45,CSU Pueblo,Colorado State University Pueblo,RMAC,8,8,2015,W
45,Queens,Queens University of Charlotte,NY,8,8,2015,W
45,Franklin Pierce,Franklin Pierce University,NE10,8,8,2015,W
45,Notre Dame,University of Notre Dame,OH,6,6,2015,W
53,McKendree,McKendree University,GLIAC,9,10,2015,W
53,Alderson Broaddus,Alderson Broaddus University,GLIAC,9,10,2015,W
55,St. Anselm,Saint Anselm College,NE10,7,8,2015,W
56,Seton Hill,Seton Hill University,PSAC,8,10,2015,W
56,Catawba,Catawba College,SAC,8,10,2015,W
58,Ohio Northern,Ohio Northern University,Independent,7,9,2015,W
58,Roberts Wesleyan,Roberts Wesleyan College,ECC,7,9,2015,W
58,Rockhurst,Rockhurst University,RMAC,7,9,2015,W
61,Kutztown,Kutztown University of Pennsylvania,PSAC,7,10,2015,W
61,Edinboro,Edinboro University of Pennsylvania,PSAC,7,10,2015,W
63,West Va. Wesleyan,West Virginia Wesleyan College,MEC,6,9,2015,W
64,Georgian Court,Georgian Court University,CACC,7,12,2015,W
64,Holy Family,Holy Family University,CACC,7,12,2015,W
66,Assumption,Assumption University,NE10,6,11,2015,W
66,Lake Erie,Lake Erie College,GLIAC,6,11,2015,W
66,Gannon,Gannon University,PSAC,6,11,2015,W
69,Pfeiffer,Pfeiffer University,Conference Carolinas,6,12,2015,W
69,UIndy,University of Indianapolis ,GLIAC,6,12,2015,W
69,Caldwell,Caldwell University,CACC,5,10,2015,W
69,Tampa,University of Tampa,Sunshine State,5,10,2015,W
69,Bridgeport,University of Bridgeport,ECC,5,10,2015,W
74,Shippensburg,Shippensburg University of Pennsylvania,PSAC,5,11,2015,W
74,Alliance,University of Mount Union ,CACC,5,11,2015,W
74,Newberry,Newberry College,SAC,5,11,2015,W
77,Montevallo,University of Montevallo,Gulf South,5,12,2015,W
77,Walsh,Walsh University,GLIAC,5,12,2015,W
77,Lees-McRae,Lees,Conference Carolinas,5,12,2015,W
80,Bloomsburg,Bloomsburg University of Pennsylvania,PSAC,4,11,2015,W
81,Shorter,Shorter University,Gulf South,4,12,2015,W
81,Wilmington,Wilmington University ,DE,4,12,2015,W
83,Southern Conn. St.,Southern Connecticut State University,NE10,4,13,2015,W
83,Merrimack,Merrimack College,NE10,4,13,2015,W
85,Converse,Converse College,Conference Carolinas,3,11,2015,W
86,Saint Leo,Saint Leo University,Sunshine State,3,12,2015,W
86,Dominican,Dominican College ,NY,3,12,2015,W
86,Lincoln Memorial,Lincoln Memorial University,SAC,3,12,2015,W
89,Saint Michael's,Saint Michael's College,NE10,3,13,2015,W
90,Davis & Elkins,Davis & Elkins College,G-MAC,1,10,2015,W
91,Charleston,University of Charleston,WV,1,11,2015,W
92,Dist. Columbia,University of the District of Columbia,ECC,1,13,2015,W
92,Urbana,Urbana University ,MEC,1,13,2015,W
92,Chowan,Chowan University,Independent,1,13,2015,W
95,Post,Post University,CACC,1,14,2015,W
1,Adelphi,Adelphi University,NE10,21,1,2014,W
2,Lock Haven,Lock Haven University of Pennsylvania,PSAC,20,1,2014,W
3,Lindenwood,Lindenwood University,RMAC,19,2,2014,W
4,Mount Olive,University of Mount Olive,Conference Carolinas,15,3,2014,W
4,Limestone,Limestone University,Conference Carolinas,15,3,2014,W
6,Fla. Southern,Florida Southern College,Sunshine State,19,4,2014,W
7,Holy Family,Holy Family University,CACC,14,3,2014,W
8,Le Moyne,Le Moyne College,NE10,18,4,2014,W
9,New Haven,University of New Haven,NE10,15,4,2014,W
9,Mercyhurst,Mercyhurst University,PSAC,15,4,2014,W
9,LIU Post,LIU Post ,ECC,15,4,2014,W
9,Grand Valley St.,Grand Valley State University,GLIAC,15,4,2014,W
13,Stonehill,Stonehill College,NE10,15,5,2014,W
13,Bridgeport,University of Bridgeport,ECC,12,4,2014,W
15,Seton Hill,Seton Hill University,PSAC,14,5,2014,W
16,Rollins,Rollins College,Sunshine State,13,5,2014,W
16,West Chester,West Chester University of Pennsylvania,PSAC,13,5,2014,W
16,Queens,Queens University of Charlotte,NC,13,5,2014,W
16,Dowling,Dowling College ,ECC,13,5,2014,W
20,Shepherd,Shepherd University,MEC,12,5,2014,W
20,Regis,Regis University,CO,12,5,2014,W
22,West Va. Wesleyan,West Virginia Wesleyan College,MEC,11,5,2014,W
22,Young Harris,Young Harris College,,11,5,2014,W
24,Tusculum,Tusculum University,SAC,10,5,2014,W
25,Georgian Court,Georgian Court University,CACC,11,6,2014,W
26,Fort Lewis,Fort Lewis College,RMAC,9,5,2014,W
27,Bentley,Bentley University,NE10,10,6,2014,W
27,St. Thomas Aquinas,St. Thomas Aquinas College,ECC,10,6,2014,W
29,McKendree,McKendree University,GLIAC,11,7,2014,W
29,Belmont Abbey,Belmont Abbey College,Conference Carolinas,11,7,2014,W
31,Colorado Mesa,Colorado Mesa University,RMAC,9,6,2014,W
32,Pfeiffer,Pfeiffer University,Conference Carolinas,10,7,2014,W
33,Tiffin,Tiffin University,GLIAC,11,8,2014,W
34,Molloy,Molloy College,ECC,9,7,2014,W
35,Lenoir-Rhyne,Lenoir,SAC,10,8,2014,W
35,Jefferson,Jefferson ,CACC,10,8,2014,W
35,Indiana,Indiana University of Pennsylvania,PA,10,8,2014,W
35,Assumption,Assumption University,NE10,10,8,2014,W
39,Southern N.H.,Southern New Hampshire University,NE10,8,7,2014,W
39,Roberts Wesleyan,Roberts Wesleyan College,ECC,8,7,2014,W
41,Saint Leo,Saint Leo University,Sunshine State,9,8,2014,W
41,Wingate,Wingate University,SAC,9,8,2014,W
41,Coker,Coker University,SAC,9,8,2014,W
41,Slippery Rock,Slippery Rock University of Pennsylvania,PSAC,9,8,2014,W
45,Converse,Converse College,Conference Carolinas,9,9,2014,W
45,Catawba,Catawba College,SAC,9,9,2014,W
45,Bloomsburg,Bloomsburg University of Pennsylvania,PSAC,8,8,2014,W
45,East Stroudsburg,East Stroudsburg University of Pennsylvania,PSAC,8,8,2014,W
45,St. Anselm,Saint Anselm College,NE10,8,8,2014,W
50,Gannon,Gannon University,PSAC,8,9,2014,W
51,Lake Erie,Lake Erie College,GLIAC,7,8,2014,W
51,Franklin Pierce,Franklin Pierce University,NE10,7,8,2014,W
53,Rockhurst,Rockhurst University,Independent,6,7,2014,W
54,Findlay,University of Findlay,GLIAC,8,10,2014,W
55,Florida Tech,Florida Institute of Technology,Sunshine State,7,9,2014,W
55,Lees-McRae,Lees,Conference Carolinas,7,9,2014,W
57,Wheeling,Wheeling University,MEC,6,8,2014,W
58,Chestnut Hill,Chestnut Hill College,CACC,7,10,2014,W
58,Mercy,Mercy College,ECC,7,10,2014,W
60,Saint Michael's,Saint Michael's College,NE10,6,9,2014,W
60,Edinboro,Edinboro University of Pennsylvania,PSAC,6,9,2014,W
62,Wilmington,Wilmington University ,DE,7,11,2014,W
63,Emmanuel,Emmanuel College ,GA,4,7,2014,W
64,Millersville,Millersville University of Pennsylvania,PSAC,6,11,2014,W
65,Newberry,Newberry College,SAC,5,10,2014,W
66,Walsh,Walsh University,GLIAC,5,11,2014,W
66,Pace,Pace University,NE10,5,11,2014,W
66,Tampa,University of Tampa,Sunshine State,5,11,2014,W
69,American Int'l,American International College,NE10,5,12,2014,W
69,Alliance,University of Mount Union ,CACC,5,12,2014,W
71,Chowan,Chowan University,Independent,3,8,2014,W
72,Dominican,Dominican College ,NY,4,11,2014,W
73,Ursuline,Ursuline College,GLIAC,4,12,2014,W
73,CSU Pueblo,Colorado State University Pueblo,RMAC,4,12,2014,W
73,Shorter,Shorter University,,3,9,2014,W
76,Caldwell,Caldwell University,CACC,3,10,2014,W
77,Notre Dame,University of Notre Dame,OH,2,7,2014,W
78,Brevard,Brevard College,SAC,3,12,2014,W
78,UVA Wise,University of Virginia's College at Wise,,3,12,2014,W
80,Southern Conn. St.,Southern Connecticut State University,NE10,3,14,2014,W
80,Shippensburg,Shippensburg University of Pennsylvania,PSAC,3,14,2014,W
80,Merrimack,Merrimack College,NE10,3,14,2014,W
83,Queens,Queens University of Charlotte,NY,2,12,2014,W
84,North Greenville,North Greenville University,Conference Carolinas,1,10,2014,W
85,Lincoln Memorial,Lincoln Memorial University,SAC,1,11,2014,W
86,Adams St.,Adams State University,RMAC,1,12,2014,W
86,Urbana,Urbana University ,MEC,1,12,2014,W
88,Erskine,Erskine College,Conference Carolinas,1,15,2014,W
88,Kutztown,Kutztown University of Pennsylvania,PSAC,1,15,2014,W
1,Adelphi,Adelphi University,NE10,22,0,2013,W
2,Limestone,Limestone University,Conference Carolinas,18,1,2013,W
3,Jefferson,Jefferson ,CACC,17,1,2013,W
4,LIU Post,LIU Post ,ECC,18,2,2013,W
5,Fla. Southern,Florida Southern College,Independent,16,2,2013,W
6,Lock Haven,Lock Haven University of Pennsylvania,PSAC,19,3,2013,W
7,Mercyhurst,Mercyhurst University,PSAC,16,3,2013,W
8,Regis,Regis University,CO,14,3,2013,W
9,New Haven,University of New Haven,NE10,16,4,2013,W
10,Lindenwood,Lindenwood University,RMAC,15,4,2013,W
11,Queens,Queens University of Charlotte,NC,13,4,2013,W
12,Dowling,Dowling College ,ECC,14,5,2013,W
13,Georgian Court,Georgian Court University,CACC,13,5,2013,W
13,Grand Valley St.,Grand Valley State University,GLIAC,13,5,2013,W
13,Pfeiffer,Pfeiffer University,Conference Carolinas,13,5,2013,W
13,St. Anselm,Saint Anselm College,NE10,13,5,2013,W
13,Seton Hill,Seton Hill University,PSAC,13,5,2013,W
13,Indiana,Indiana University of Pennsylvania,PA,13,5,2013,W
19,Le Moyne,Le Moyne College,NE10,12,5,2013,W
19,West Chester,West Chester University of Pennsylvania,PSAC,12,5,2013,W
19,St. Thomas Aquinas,St. Thomas Aquinas College,ECC,12,5,2013,W
22,Mount Olive,University of Mount Olive,Conference Carolinas,12,6,2013,W
23,Stonehill,Stonehill College,NE10,12,7,2013,W
24,Shepherd,Shepherd University,Independent,10,6,2013,W
25,Notre Dame,University of Notre Dame,OH,8,5,2013,W
26,Belmont Abbey,Belmont Abbey College,Conference Carolinas,9,6,2013,W
27,Dominican,Dominican College ,NY,10,7,2013,W
27,Saint Leo,Saint Leo University,Independent,10,7,2013,W
27,Fort Lewis,Fort Lewis College,RMAC,10,7,2013,W
30,Molloy,Molloy College,ECC,9,7,2013,W
30,Assumption,Assumption University,NE10,9,7,2013,W
32,Lake Erie,Lake Erie College,GLIAC,10,8,2013,W
32,Lenoir-Rhyne,Lenoir,SAC,10,8,2013,W
34,Colorado Mesa,Colorado Mesa University,RMAC,8,7,2013,W
35,Erskine,Erskine College,Conference Carolinas,9,8,2013,W
35,Wilmington,Wilmington University ,DE,9,8,2013,W
35,Wheeling,Wheeling University,GLIAC,9,8,2013,W
35,Bloomsburg,Bloomsburg University of Pennsylvania,PSAC,9,8,2013,W
35,Gannon,Gannon University,PSAC,9,8,2013,W
40,Holy Family,Holy Family University,CACC,9,9,2013,W
40,Rollins,Rollins College,Independent,8,8,2013,W
42,Shippensburg,Shippensburg University of Pennsylvania,PSAC,8,9,2013,W
42,East Stroudsburg,East Stroudsburg University of Pennsylvania,PSAC,8,9,2013,W
42,Bentley,Bentley University,NE10,8,9,2013,W
45,Tiffin,Tiffin University,GLIAC,9,11,2013,W
46,Catawba,Catawba College,SAC,7,9,2013,W
46,Edinboro,Edinboro University of Pennsylvania,PSAC,7,9,2013,W
48,Saint Michael's,Saint Michael's College,NE10,6,8,2013,W
49,Findlay,University of Findlay,GLIAC,8,11,2013,W
50,Tampa,University of Tampa,Independent,7,10,2013,W
51,Walsh,Walsh University,GLIAC,6,9,2013,W
52,Converse,Converse College,Conference Carolinas,7,11,2013,W
53,Lees-McRae,Lees,Conference Carolinas,5,8,2013,W
54,Southern N.H.,Southern New Hampshire University,NE10,6,11,2013,W
54,Newberry,Newberry College,SAC,6,11,2013,W
54,Slippery Rock,Slippery Rock University of Pennsylvania,PSAC,6,11,2013,W
54,Mercy,Mercy College,ECC,6,11,2013,W
58,American Int'l,American International College,NE10,5,11,2013,W
58,Ursuline,Ursuline College,GLIAC,5,11,2013,W
60,Chowan,Chowan University,Independent,4,9,2013,W
61,McKendree,McKendree University,RMAC,3,7,2013,W
62,Millersville,Millersville University of Pennsylvania,PSAC,5,12,2013,W
63,Franklin Pierce,Franklin Pierce University,NE10,4,10,2013,W
64,West Va. Wesleyan,West Virginia Wesleyan College,Independent,4,11,2013,W
65,Kutztown,Kutztown University of Pennsylvania,PSAC,4,12,2013,W
65,Post,Post University,CACC,4,12,2013,W
65,Wingate,Wingate University,SAC,2,6,2013,W
68,Southern Conn. St.,Southern Connecticut State University,NE10,4,13,2013,W
68,Bridgeport,University of Bridgeport,ECC,4,13,2013,W
70,Coker,Coker University,SAC,3,10,2013,W
71,Chestnut Hill,Chestnut Hill College,CACC,3,14,2013,W
71,Alliance,University of Mount Union ,CACC,3,14,2013,W
73,Alderson Broaddus,Alderson Broaddus University,GLIAC,2,11,2013,W
73,Queens,Queens University of Charlotte,NY,2,11,2013,W
75,Adams St.,Adams State University,RMAC,2,12,2013,W
76,Merrimack,Merrimack College,NE10,2,15,2013,W
77,Urbana,Urbana University ,GLIAC,1,11,2013,W
1,LIU Post,LIU Post ,ECC,20,0,2012,W
2,Limestone,Limestone University,Conference Carolinas,20,2,2012,W
3,Rollins,Rollins College,Independent,16,2,2012,W
4,Adelphi,Adelphi University,NE10,18,3,2012,W
5,Le Moyne,Le Moyne College,NE10,16,3,2012,W
6,Lock Haven,Lock Haven University of Pennsylvania,PSAC,15,3,2012,W
7,Pfeiffer,Pfeiffer University,Conference Carolinas,14,3,2012,W
8,Dowling,Dowling College ,ECC,13,3,2012,W
8,Indiana,Indiana University of Pennsylvania,PA,13,3,2012,W
10,West Chester,West Chester University of Pennsylvania,PSAC,15,4,2012,W
11,Seton Hill,Seton Hill University,ECC,3,1,2012,W
11,St. Thomas Aquinas,St. Thomas Aquinas College,ECC,12,4,2012,W
13,Jefferson,Jefferson ,CACC,14,5,2012,W
14,Fla. Southern,Florida Southern College,Independent,11,4,2012,W
15,Lake Erie,Lake Erie College,GLIAC,13,5,2012,W
15,Holy Family,Holy Family University,CACC,13,5,2012,W
15,Grand Valley St.,Grand Valley State University,GLIAC,13,5,2012,W
18,Mercyhurst,Mercyhurst University,PSAC,12,6,2012,W
18,Notre Dame,University of Notre Dame,OH,10,5,2012,W
18,Regis,Regis University,CO,10,5,2012,W
21,Stonehill,Stonehill College,NE10,13,7,2012,W
22,New Haven,University of New Haven,NE10,12,7,2012,W
23,Shepherd,Shepherd University,Independent,10,6,2012,W
23,Queens,Queens University of Charlotte,NY,10,6,2012,W
25,Bentley,Bentley University,NE10,11,7,2012,W
26,St. Anselm,Saint Anselm College,NE10,10,7,2012,W
27,Millersville,Millersville University of Pennsylvania,PSAC,9,7,2012,W
28,Gannon,Gannon University,PSAC,10,8,2012,W
28,Bloomsburg,Bloomsburg University of Pennsylvania,PSAC,10,8,2012,W
30,Saint Leo,Saint Leo University,Independent,8,7,2012,W
31,Molloy,Molloy College,ECC,9,8,2012,W
31,Assumption,Assumption University,NE10,9,8,2012,W
31,Mount Olive,University of Mount Olive,Conference Carolinas,9,8,2012,W
34,Tiffin,Tiffin University,GLIAC,10,9,2012,W
35,Fort Lewis,Fort Lewis College,RMAC,7,7,2012,W
35,Queens,Queens University of Charlotte,NC,10,10,2012,W
35,Converse,Converse College,Conference Carolinas,9,9,2012,W
35,Slippery Rock,Slippery Rock University of Pennsylvania,PSAC,8,8,2012,W
35,Mercy,Mercy College,ECC,7,7,2012,W
35,Georgian Court,Georgian Court University,CACC,8,8,2012,W
41,Newberry,Newberry College,Independent,8,9,2012,W
41,Belmont Abbey,Belmont Abbey College,Conference Carolinas,8,9,2012,W
43,Dominican,Dominican College ,NY,7,8,2012,W
44,Roberts Wesleyan,Roberts Wesleyan College,N/A,7,9,2012,W
44,Lenoir-Rhyne,Lenoir,Independent,7,9,2012,W
46,Southern N.H.,Southern New Hampshire University,NE10,7,10,2012,W
46,Edinboro,Edinboro University of Pennsylvania,PSAC,7,10,2012,W
48,Erskine,Erskine College,Conference Carolinas,6,11,2012,W
49,Saint Michael's,Saint Michael's College,NE10,5,10,2012,W
49,Findlay,University of Findlay,GLIAC,6,12,2012,W
49,Catawba,Catawba College,Independent,5,10,2012,W
49,Bridgeport,University of Bridgeport,ECC,5,10,2012,W
53,Merrimack,Merrimack College,NE10,5,11,2012,W
54,Shippensburg,Shippensburg University of Pennsylvania,PSAC,5,12,2012,W
55,Wheeling,Wheeling University,GLIAC,5,13,2012,W
56,Lees-McRae,Lees,Conference Carolinas,3,8,2012,W
57,Colorado Mesa,Colorado Mesa University,RMAC,4,11,2012,W
57,West Va. Wesleyan,West Virginia Wesleyan College,Independent,4,11,2012,W
59,Chestnut Hill,Chestnut Hill College,CACC,4,13,2012,W
59,Wilmington,Wilmington University ,DE,4,13,2012,W
61,Adams St.,Adams State University,RMAC,3,10,2012,W
62,Urbana,Urbana University ,GLIAC,3,11,2012,W
63,Walsh,Walsh University,GLIAC,2,8,2012,W
63,Franklin Pierce,Franklin Pierce University,NE10,3,12,2012,W
65,East Stroudsburg,East Stroudsburg University of Pennsylvania,PSAC,3,13,2012,W
65,Southern Conn. St.,Southern Connecticut State University,NE10,3,13,2012,W
67,Kutztown,Kutztown University of Pennsylvania,PSAC,3,14,2012,W
68,Chowan,Chowan University,Independent,2,12,2012,W
69,Post,Post University,CACC,2,13,2012,W
70,McKendree,McKendree University,RMAC,1,14,2012,W
71,American Int'l,American International College,NE10,1,15,2012,W
72,Young Harris,Young Harris College,N/A,1,16,2012,W
73,Alderson Broaddus,Alderson Broaddus University,GLIAC,0,13,2012,W
73,Alliance,University of Mount Union ,CACC,0,13,2012,W
1,Limestone,Limestone University,Conference Carolinas,17,2,2011,W
2,Rollins,Rollins College,Independent,15,2,2011,W
3,LIU Post,LIU Post ,ECC,17,3,2011,W
4,Adelphi,Adelphi University,NE10,16,3,2011,W
4,Le Moyne,Le Moyne College,NE10,16,3,2011,W
6,West Chester,West Chester University of Pennsylvania,PSAC,16,4,2011,W
7,Holy Family,Holy Family University,CACC,14,4,2011,W
8,Dowling,Dowling College ,ECC,13,4,2011,W
9,Fla. Southern,Florida Southern College,Independent,12,4,2011,W
9,Lenoir-Rhyne,Lenoir,Independent,12,4,2011,W
11,Stonehill,Stonehill College,NE10,14,5,2011,W
12,Shepherd,Shepherd University,Shepherd,11,4,2011,W
13,New Haven,University of New Haven,NE10,13,5,2011,W
14,Slippery Rock,Slippery Rock University of Pennsylvania,PSAC,12,5,2011,W
15,Bentley,Bentley University,NE10,13,6,2011,W
16,Gannon,Gannon University,PSAC,12,6,2011,W
17,Mercyhurst,Mercyhurst University,PSAC,13,7,2011,W
18,Seton Hill,Seton Hill University,ECC,11,6,2011,W
18,Lock Haven,Lock Haven University of Pennsylvania,PSAC,11,6,2011,W
18,Indiana,Indiana University of Pennsylvania,PA,11,6,2011,W
21,Georgian Court,Georgian Court University,CACC,12,7,2011,W
21,Bloomsburg,Bloomsburg University of Pennsylvania,PSAC,12,7,2011,W
23,Queens,Queens University of Charlotte,NY,10,7,2011,W
23,Grand Valley St.,Grand Valley State University,Independent,10,7,2011,W
25,Belmont Abbey,Belmont Abbey College,Conference Carolinas,9,7,2011,W
26,Wilmington,Wilmington University ,DE,9,8,2011,W
26,Pfeiffer,Pfeiffer University,Conference Carolinas,9,8,2011,W
26,Regis,Regis University,CO,9,8,2011,W
26,Molloy,Molloy College,ECC,9,8,2011,W
30,St. Thomas Aquinas,St. Thomas Aquinas College,ECC,8,8,2011,W
30,St. Anselm,Saint Anselm College,NE10,8,8,2011,W
32,Shippensburg,Shippensburg University of Pennsylvania,PSAC,8,9,2011,W
33,Mercy,Mercy College,ECC,7,8,2011,W
33,Fort Lewis,Fort Lewis College,RMAC,7,8,2011,W
35,Jefferson,Jefferson ,CACC,8,10,2011,W
36,Merrimack,Merrimack College,NE10,7,9,2011,W
37,Queens,Queens University of Charlotte,NC,7,10,2011,W
37,Lake Erie,Lake Erie College,ECC,7,10,2011,W
37,Edinboro,Edinboro University of Pennsylvania,PSAC,7,10,2011,W
40,Dominican,Dominican College ,NY,6,9,2011,W
40,Notre Dame,University of Notre Dame,OH,6,9,2011,W
42,Franklin Pierce,Franklin Pierce University,NE10,6,10,2011,W
43,Saint Leo,Saint Leo University,Independent,5,9,2011,W
44,Millersville,Millersville University of Pennsylvania,PSAC,6,11,2011,W
45,Southern N.H.,Southern New Hampshire University,NE10,5,10,2011,W
45,Converse,Converse College,Conference Carolinas,5,10,2011,W
47,Assumption,Assumption University,NE10,5,11,2011,W
48,Erskine,Erskine College,Conference Carolinas,4,10,2011,W
49,Bridgeport,University of Bridgeport,ECC,3,9,2011,W
49,East Stroudsburg,East Stroudsburg University of Pennsylvania,PSAC,4,12,2011,W
49,Saint Michael's,Saint Michael's College,NE10,4,12,2011,W
52,Kutztown,Kutztown University of Pennsylvania,PSAC,4,13,2011,W
53,Colorado Mesa,Colorado Mesa University,RMAC,3,11,2011,W
54,Chestnut Hill,Chestnut Hill College,CACC,3,13,2011,W
54,American Int'l,American International College,NE10,3,13,2011,W
56,Tiffin,Tiffin University,Tiffin,3,14,2011,W
57,Wheeling,Wheeling University,Independent,2,10,2011,W
57,Newberry,Newberry College,Independent,2,10,2011,W
59,West Va. Wesleyan,West Virginia Wesleyan College,West Va. Wesleyan,2,12,2011,W
59,Catawba,Catawba College,Independent,2,12,2011,W